symbol,price
ETHBTC,0.05694
LTCBTC,0.001301
BNBBTC,0.007104
NEOBTC,0.0002541
QTUMETH,0.00132
EOSETH,0.000309
SNTETH,1.322e-05
BNTETH,0.0002456
BCCBTC,0.079081
GASBTC,0.0001043
BNBETH,0.1247
BTCUSDT,68318.92
ETHUSDT,3890.51
HSRBTC,0.000414
OAXETH,0.0001778
DNTETH,2.801e-05
MCOETH,0.005772
ICNETH,0.001663
MCOBTC,0.0002114
WTCBTC,2.4e-07
WTCETH,0.000237
LRCBTC,5.27e-06
LRCETH,9.211e-05
QTUMBTC,7.469e-05
YOYOBTC,8e-08
OMGBTC,3.08e-05
OMGETH,0.000791
ZRXBTC,8.73e-06
ZRXETH,9.94e-05
STRATBTC,3.085e-05
STRATETH,0.001053
SNGLSBTC,1.3e-07
SNGLSETH,5.306e-05
BQXBTC,8.703e-05
BQXETH,0.0012635
KNCBTC,1.248e-05
KNCETH,0.0003941
FUNBTC,2.9e-07
FUNETH,1.46e-06
SNMBTC,5.7e-07
SNMETH,4.986e-05
NEOETH,0.004775
IOTABTC,4.95e-06
IOTAETH,8.73e-05
LINKBTC,0.0002921
LINKETH,0.005126
XVGBTC,1.5e-07
XVGETH,1.53e-06
SALTBTC,4.25e-05
SALTETH,0.001138
MDABTC,3.82e-06
MDAETH,0.0018115
MTLBTC,3.615e-05
MTLETH,0.0006834
SUBBTC,4.57e-06
SUBETH,0.00012334
EOSBTC,1.768e-05
SNTBTC,7.6e-07
ETCETH,0.00953
ETCBTC,0.0005431
MTHBTC,2.3e-07
MTHETH,4.135e-05
ENGBTC,6.2e-05
ENGETH,0.0018648
DNTBTC,1.86e-06
ZECBTC,0.0004959
ZECETH,0.0087
BNTBTC,1.406e-05
ASTBTC,2.87e-06
ASTETH,6.96e-05
DASHBTC,0.0005881
DASHETH,0.01034
OAXBTC,3.28e-06
ICNBTC,5.742e-05
BTGBTC,0.000913
BTGETH,0.052745
EVXBTC,2.74e-06
EVXETH,0.0006249
REQBTC,2.13e-06
REQETH,4.995e-05
VIBBTC,1.72e-06
VIBETH,3.45e-05
HSRETH,0.012474
TRXBTC,1.98e-06
TRXETH,3.49e-05
POWRBTC,5.73e-06
POWRETH,0.0001012
ARKBTC,1.679e-05
ARKETH,0.001046
YOYOETH,5.828e-05
XRPBTC,9.09e-06
XRPETH,0.0001595
MODBTC,4.28e-05
MODETH,0.001167
ENJBTC,9.21e-06
ENJETH,0.0001618
STORJBTC,1.267e-05
STORJETH,0.0002991
BNBUSDT,485.3
VENBNB,0.1492
YOYOBNB,0.000598
POWRBNB,0.00385
VENBTC,0.00013928
VENETH,0.00325194
KMDBTC,5.29e-06
KMDETH,0.0002097
NULSBNB,0.01257
RCNBTC,7.4e-07
RCNETH,0.00037604
RCNBNB,0.003473
NULSBTC,5.28e-06
NULSETH,0.00051926
RDNBTC,4.47e-06
RDNETH,0.0007153
RDNBNB,0.00623
XMRBTC,0.002287
XMRETH,0.04032
DLTBNB,0.0024
WTCBNB,0.001805
DLTBTC,7.1e-07
DLTETH,0.00016807
AMBBTC,2.1e-07
AMBETH,4.1e-05
AMBBNB,0.000685
BCCETH,2.47246
BCCUSDT,448.7
BCCBNB,54.29
BATBTC,5.19e-06
BATETH,0.0001063
BATBNB,0.001831
BCPTBTC,4.8e-07
BCPTETH,8.181e-05
BCPTBNB,0.001162
ARNBTC,7.61e-06
ARNETH,0.00029362
GVTBTC,1.792e-05
GVTETH,0.003846
CDTBTC,3.17e-06
CDTETH,5.119e-05
GXSBTC,4.581e-05
GXSETH,0.0006246
NEOUSDT,17.34
NEOBNB,0.03836
POEBTC,5e-08
POEETH,6.64e-06
QSPBTC,7.6e-07
QSPETH,2.249e-05
QSPBNB,0.0005235
BTSBTC,4.3e-07
BTSETH,9.498e-05
BTSBNB,0.001448
XZCBTC,0.0001355
XZCETH,0.0031
XZCBNB,0.2675
LSKBTC,3.176e-05
LSKETH,0.0005582
LSKBNB,0.06494
TNTBTC,2.61e-06
TNTETH,9.2e-06
FUELBTC,2.6e-07
FUELETH,2.221e-05
MANABTC,1.107e-05
MANAETH,0.0001944
BCDBTC,1.351e-05
BCDETH,0.00251
DGDBTC,0.003931
DGDETH,0.1926
IOTABNB,0.000717
ADXBTC,3.71e-06
ADXETH,6.514e-05
ADXBNB,0.004929
ADABTC,1.081e-05
ADAETH,0.00019
PPTBTC,1.855e-05
PPTETH,0.00141
CMTBTC,2.8e-07
CMTETH,6.25e-06
CMTBNB,0.000577
XLMBTC,2.08e-06
XLMETH,3.657e-05
XLMBNB,0.0003036
CNDBTC,6e-08
CNDETH,2.599e-05
CNDBNB,0.0003399
LENDBTC,4.512e-05
LENDETH,0.00137174
WABIBTC,3e-07
WABIETH,0.00040308
WABIBNB,0.0002413
LTCETH,0.02286
LTCUSDT,88.85
LTCBNB,0.1832
TNBBTC,7e-08
TNBETH,7.52e-06
WAVESBTC,4.894e-05
WAVESETH,0.000862
WAVESBNB,0.00513
GTOBTC,7.7e-07
GTOETH,3.197e-05
GTOBNB,0.000352
ICXBTC,4.95e-06
ICXETH,0.0001179
ICXBNB,0.004654
OSTBTC,3.2e-07
OSTETH,2.25e-06
OSTBNB,0.000525
ELFBTC,9.96e-06
ELFETH,0.0001745
AIONBTC,1.39e-06
AIONETH,2.645e-05
AIONBNB,0.002613
NEBLBTC,1.2e-05
NEBLBNB,0.01356
BRDBTC,1.27e-06
BRDETH,1.688e-05
BRDBNB,0.00247
MCOBNB,0.26837
EDOBTC,5.609e-05
EDOETH,0.002266
WINGSBTC,1.193e-05
WINGSETH,0.0003346
NAVBTC,2.77e-06
NAVETH,0.0001187
NAVBNB,0.004237
LUNBTC,8.51e-05
LUNETH,0.004891
TRIGBTC,1.98e-05
TRIGETH,0.000594
TRIGBNB,0.01218
APPCBTC,5.5e-07
APPCETH,0.000146
APPCBNB,0.001891
VIBEBTC,4.2e-07
VIBEETH,5.72e-05
RLCBTC,6.623e-05
RLCETH,0.0011493
RLCBNB,0.03344
INSBTC,6.18e-06
INSETH,0.000501
PIVXBTC,6.5e-06
PIVXBNB,0.0166
IOSTBTC,1.9e-07
IOSTETH,3.72e-06
CHATBTC,1.95e-06
CHATETH,6.585e-05
STEEMBTC,4.96e-06
STEEMETH,8.69e-05
STEEMBNB,0.00448
NANOBTC,6.28e-05
NANOETH,0.000905
NANOBNB,0.05589
VIABTC,6.81e-06
VIAETH,0.000856
VIABNB,0.00958
BLZBTC,5.25e-06
BLZETH,4.159e-05
BLZBNB,0.0006219
AEBTC,2.92e-06
AEETH,0.000219
AEBNB,0.00777
RPXBTC,2.24e-06
RPXETH,5.449e-05
RPXBNB,0.001457
NCASHBTC,5e-08
NCASHETH,1.3e-07
NCASHBNB,6.79e-05
POABTC,4.1e-07
POAETH,4.891e-05
POABNB,0.000921
ZILBTC,5.1e-07
ZILETH,9.02e-06
ZILBNB,8.858e-05
ONTBTC,5.16e-06
ONTETH,0.0001253
ONTBNB,0.002462
STORMBTC,3.5e-07
STORMETH,1.398e-05
STORMBNB,6.55e-05
QTUMBNB,0.09597
QTUMUSDT,5.106
XEMBTC,1.92e-06
XEMETH,3.593e-05
XEMBNB,0.002441
WANBTC,4.44e-06
WANETH,9.27e-05
WANBNB,0.00181
WPRBTC,2.7e-07
WPRETH,4.02e-05
QLCBTC,2.1e-07
QLCETH,6.03e-06
SYSBTC,4.01e-06
SYSETH,0.00011047
SYSBNB,0.001635
QLCBNB,0.000922
GRSBTC,1.649e-05
GRSETH,0.00076455
ADAUSDT,0.7393
ADABNB,0.001523
CLOAKBTC,0.0001555
CLOAKETH,0.004142
GNTBTC,6.78e-06
GNTETH,0.00022071
GNTBNB,0.002439
LOOMBTC,1.64e-06
LOOMETH,3.231e-05
LOOMBNB,0.000885
XRPUSDT,0.6204
BCNBTC,2.2e-07
BCNETH,7.07e-06
BCNBNB,2e-05
REPBTC,0.0003413
REPBNB,0.4467
BTCTUSD,68223.71
TUSDBTC,0.00025971
ETHTUSD,3886.03
TUSDETH,0.00762097
TUSDBNB,0.06777
ZENBTC,0.0001884
ZENETH,0.003296
ZENBNB,0.0329
SKYBTC,8.29e-06
SKYETH,0.00222
SKYBNB,0.03022
EOSUSDT,1.208
EOSBNB,0.002583
CVCBTC,5.66e-06
CVCETH,9.93e-05
CVCBNB,0.002112
THETABTC,4.482e-05
THETAETH,0.0007856
THETABNB,0.002736
XRPBNB,0.001278
TUSDUSDT,1.0013
IOTAUSDT,0.3395
XLMUSDT,0.1419
IOTXBTC,1.03e-06
IOTXETH,1.804e-05
QKCBTC,2.2e-07
QKCETH,4.3e-06
AGIBTC,6.68e-06
AGIETH,7.363e-05
AGIBNB,0.000772
NXSBTC,2.84e-06
NXSETH,0.000773
NXSBNB,0.01087
ENJBNB,0.001368
DATABTC,1.31e-06
DATAETH,2.034e-05
ONTUSDT,0.3533
TRXBNB,0.0002794
TRXUSDT,0.13572
ETCUSDT,37.1
ETCBNB,0.0765
ICXUSDT,0.3377
SCBTC,1.7e-07
SCETH,2.46e-06
NPXSBTC,3e-08
NPXSETH,3.45e-06
VENUSDT,0.0001
KEYBTC,1.3e-07
KEYETH,2.27e-06
NASBTC,2.28e-06
NASETH,4.047e-05
NASBNB,0.02337
MFTBTC,8e-08
MFTETH,4.33e-06
MFTBNB,1.485e-05
DENTBTC,4e-08
DENTETH,5.5e-07
ARDRBTC,1.77e-06
ARDRETH,0.0001887
ARDRBNB,0.003168
NULSUSDT,0.3595
HOTBTC,2e-08
HOTETH,1.05e-06
VETBTC,7.3e-07
VETETH,1.272e-05
VETUSDT,0.04946
VETBNB,0.0001016
DOCKBTC,6.4e-07
DOCKETH,3.283e-05
POLYBTC,1.384e-05
POLYBNB,0.001459
PHXBTC,1.8e-06
PHXETH,5.617e-05
PHXBNB,0.000456
HCBTC,2e-05
HCETH,0.005134
GOBTC,4.3e-07
GOBNB,0.0006923
PAXBTC,0.00025175
PAXBNB,0.20121
PAXUSDT,0.9996
PAXETH,0.00888047
RVNBTC,4.1e-07
DCRBTC,0.0004111
DCRBNB,0.781
USDCBNB,0.21755
MITHBTC,8e-07
MITHBNB,4.41e-05
BCHABCBTC,0.02933
BCHSVBTC,0.011179
BCHABCUSDT,220.08
BCHSVUSDT,58.9
BNBPAX,495.1
BTCPAX,51529.15
ETHPAX,3904.41
XRPPAX,0.8896
EOSPAX,2.5845
XLMPAX,0.04221
RENBTC,1.39e-06
RENBNB,0.004585
BNBTUSD,485.1
XRPTUSD,0.6197
EOSTUSD,4.1159
XLMTUSD,0.06833
BNBUSDC,486.7
BTCUSDC,68486.0
ETHUSDC,3899.8
XRPUSDC,0.6221
EOSUSDC,1.153
XLMUSDC,0.0497
USDCUSDT,0.9975
ADATUSD,0.7377
TRXTUSD,0.05986
NEOTUSD,11.818
TRXXRP,0.21863
XZCXRP,20.792
PAXTUSD,0.9995
USDCTUSD,1.0
USDCPAX,1.0002
LINKUSDT,19.945
LINKTUSD,19.966
LINKPAX,3.9834
LINKUSDC,19.967
WAVESUSDT,3.348
WAVESTUSD,1.072
WAVESPAX,0.8029
WAVESUSDC,1.2036
BCHABCTUSD,220.2
BCHABCPAX,221.2
BCHABCUSDC,220.3
BCHSVTUSD,59.17
BCHSVPAX,58.18
BCHSVUSDC,57.5
LTCTUSD,88.84
LTCPAX,171.13
LTCUSDC,53.22
TRXPAX,0.07661
TRXUSDC,0.05982
BTTBTC,5e-08
BTTBNB,5.73e-06
BTTUSDT,0.002777
BNBUSDS,22.2788
BTCUSDS,9604.59
USDSUSDT,0.9968
USDSPAX,1.0002
USDSTUSD,1.0
USDSUSDC,1.0
BTTPAX,0.0003866
BTTTUSD,0.00277
BTTUSDC,0.002776
ONGBNB,0.00545
ONGBTC,6.24e-06
ONGUSDT,0.4271
HOTBNB,8.62e-06
HOTUSDT,0.004054
ZILUSDT,0.03496
ZRXBNB,0.01045
ZRXUSDT,0.5979
FETBNB,0.006208
FETBTC,4.415e-05
FETUSDT,3.014
BATUSDT,0.356
XMRBNB,0.3321
XMRUSDT,118.7
ZECBNB,0.1026
ZECUSDT,33.9
ZECPAX,42.1
ZECTUSD,51.48
ZECUSDC,55.8
IOSTUSDT,0.0127
CELRBNB,5.294e-05
CELRBTC,4.8e-07
CELRUSDT,0.03231
ADAPAX,0.03257
ADAUSDC,0.741
NEOPAX,11.122
NEOUSDC,28.27
DASHBNB,0.1183
DASHUSDT,40.15
NANOUSDT,2.224
OMGBNB,0.03938
OMGUSDT,1.2
THETAUSDT,3.058
ENJUSDT,0.6299
MITHUSDT,0.00345
MATICBNB,0.002332
MATICBTC,1.656e-05
MATICUSDT,1.1316
ATOMBNB,0.02775
ATOMBTC,0.0001971
ATOMUSDT,13.467
ATOMUSDC,12.912
ATOMPAX,3.178
ATOMTUSD,2.598
ETCUSDC,4.71
ETCPAX,4.838
ETCTUSD,3.795
BATUSDC,0.6313
BATPAX,0.2556
BATTUSD,0.2222
PHBBNB,0.000137
PHBBTC,5.228e-05
PHBUSDC,0.00587
PHBTUSD,0.229
PHBPAX,0.00639
TFUELBNB,0.0001259
TFUELBTC,1.37e-06
TFUELUSDT,0.09331
TFUELUSDC,0.003565
TFUELTUSD,0.003077
TFUELPAX,0.003487
ONEBNB,4.537e-05
ONEBTC,5.3e-07
ONEUSDT,0.03565
ONETUSD,0.00472
ONEPAX,0.00496
ONEUSDC,0.0052
FTMBNB,0.0016372
FTMBTC,1.164e-05
FTMUSDT,0.7945
FTMTUSD,0.01095
FTMPAX,0.01028
FTMUSDC,0.01107
BTCBBTC,1.0
BCPTTUSD,0.02606
BCPTPAX,0.02761
BCPTUSDC,0.02728
ALGOBNB,0.0005825
ALGOBTC,3.98e-06
ALGOUSDT,0.2716
ALGOTUSD,1.017
ALGOPAX,0.2039
ALGOUSDC,0.238
USDSBUSDT,0.9997
USDSBUSDS,0.9999
GTOUSDT,0.01233
GTOPAX,0.01361
GTOTUSD,0.01236
GTOUSDC,0.01196
ERDBNB,0.00083273
ERDBTC,1.68e-06
ERDUSDT,0.01971
ERDPAX,0.0012527
ERDUSDC,0.0013573
DOGEBNB,0.0001527
DOGEBTC,2.57e-06
DOGEUSDT,0.1754
DOGEPAX,0.0021682
DOGEUSDC,0.17569
DUSKBNB,0.00118
DUSKBTC,5.24e-06
DUSKUSDT,0.3575
DUSKUSDC,0.0179
DUSKPAX,0.0189
BGBPUSDC,1.39
ANKRBNB,8.56e-05
ANKRBTC,7.3e-07
ANKRUSDT,0.04983
ANKRTUSD,0.002128
ANKRPAX,0.002093
ANKRUSDC,0.002097
ONTPAX,0.8451
ONTUSDC,0.5708
WINBNB,4e-07
WINBTC,1e-08
WINUSDT,0.0001979
WINUSDC,9.73e-05
COSBNB,2.678e-05
COSBTC,1.3e-07
COSUSDT,0.008569
TUSDBTUSD,0.9975
NPXSUSDT,0.0070301
NPXSUSDC,0.0001702
COCOSBNB,0.00559
COCOSBTC,3e-08
COCOSUSDT,1.7546
MTLUSDT,2.475
TOMOBNB,0.03255
TOMOBTC,3.699e-05
TOMOUSDT,1.3819
TOMOUSDC,0.367
PERLBNB,7.18e-05
PERLBTC,1.13e-06
PERLUSDC,0.02447
PERLUSDT,0.0046
DENTUSDT,0.002162
MFTUSDT,0.005254
KEYUSDT,0.008606
STORMUSDT,0.003397
DOCKUSDT,0.0434
WANUSDT,0.3045
FUNUSDT,0.006441
CVCUSDT,0.1427
BTTTRX,0.03945
WINTRX,0.001456
CHZBNB,0.0003195
CHZBTC,2.26e-06
CHZUSDT,0.1549
BANDBNB,0.02248
BANDBTC,3.782e-05
BANDUSDT,2.579
BNBBUSD,251.8
BTCBUSD,42769.4
BUSDUSDT,1.0003
BEAMBNB,0.02177
BEAMBTC,7.16e-06
BEAMUSDT,0.0652
XTZBNB,0.002883
XTZBTC,2.116e-05
XTZUSDT,1.445
RENUSDT,0.095274
RVNUSDT,0.0279
HCUSDT,0.8423
HBARBNB,0.0002674
HBARBTC,1.9e-06
HBARUSDT,0.1296
NKNBNB,0.000747
NKNBTC,2.47e-06
NKNUSDT,0.1694
XRPBUSD,0.6345
ETHBUSD,2281.12
BCHABCBUSD,220.16
LTCBUSD,72.37
LINKBUSD,14.071
ETCBUSD,19.03
STXBNB,0.005773
STXBTC,4.088e-05
STXUSDT,2.7924
KAVABNB,0.00276
KAVABTC,1.509e-05
KAVAUSDT,1.0295
BUSDNGN,462.64
BNBNGN,43608.0
BTCNGN,99822596.0
ARPABNB,0.0001595
ARPABTC,1.13e-06
ARPAUSDT,0.07739
TRXBUSD,0.10329
EOSBUSD,0.634
IOTXUSDT,0.07
RLCUSDT,4.509
MCOUSDT,2.744
XLMBUSD,0.1197
ADABUSD,0.6374
CTXCBNB,0.004122
CTXCBTC,1.106e-05
CTXCUSDT,0.7555
BCHBNB,0.887
BCHBTC,0.006295
BCHUSDT,429.9
BCHUSDC,114.8
BCHTUSD,429.3
BCHPAX,617.72
BCHBUSD,236.0
BTCRUB,3900027.0
ETHRUB,181477.6
XRPRUB,56.31
BNBRUB,22422.22
TROYBNB,1.06e-05
TROYBTC,1.8e-07
TROYUSDT,0.003195
BUSDRUB,90.39
QTUMBUSD,2.537
VETBUSD,0.0212
VITEBNB,0.000707
VITEBTC,4.8e-07
VITEUSDT,0.03297
FTTBNB,0.00513
FTTBTC,8.56e-05
FTTUSDT,2.426
BTCTRY,2248310.0
BNBTRY,15975.0
BUSDTRY,29.33
ETHTRY,128030.0
XRPTRY,20.42
USDTTRY,32.92
USDTRUB,91.1
BTCEUR,62574.85
ETHEUR,3562.94
BNBEUR,444.5
XRPEUR,0.5686
EURBUSD,1.0757
EURUSDT,1.0916
OGNBNB,0.000383
OGNBTC,3.4e-06
OGNUSDT,0.2332
DREPBNB,9.38e-05
DREPBTC,4.53e-06
DREPUSDT,0.3088
BULLUSDT,1370.28
BULLBUSD,1368.56
BEARUSDT,11.16
BEARBUSD,11.14
ETHBULLUSDT,79.18
ETHBULLBUSD,78.46
ETHBEARUSDT,12.2
ETHBEARBUSD,12.24
TCTBNB,0.0004186
TCTBTC,1.6e-07
TCTUSDT,0.00312
WRXBNB,0.000398
WRXBTC,4.55e-06
WRXUSDT,0.3338
ICXBUSD,0.1642
BTSUSDT,0.0054
BTSBUSD,0.0193
LSKUSDT,2.174
BNTUSDT,0.9571
BNTBUSD,0.3599
LTOBNB,0.00248
LTOBTC,1.81e-06
LTOUSDT,0.124
ATOMBUSD,11.219
DASHBUSD,25.83
NEOBUSD,6.73
WAVESBUSD,2.216
XTZBUSD,0.671
EOSBULLUSDT,3.85
EOSBULLBUSD,3.9
EOSBEARUSDT,30.21
EOSBEARBUSD,29.81
XRPBULLUSDT,8.74
XRPBULLBUSD,8.78
XRPBEARUSDT,548.55
XRPBEARBUSD,547.33
BATBUSD,0.1709
ENJBUSD,0.2607
NANOBUSD,2.225
ONTBUSD,0.1574
RVNBUSD,0.01525
STRATBUSD,0.4915
STRATBNB,0.019
STRATUSDT,0.4904
AIONBUSD,0.0721
AIONUSDT,0.00943
MBLBNB,1.202e-05
MBLBTC,5e-08
MBLUSDT,0.006179
COTIBNB,0.0002123
COTIBTC,3.58e-06
COTIUSDT,0.24477
ALGOBUSD,0.2071
BTTBUSD,0.002778
TOMOBUSD,1.7807
XMRBUSD,170.2
ZECBUSD,25.5
BNBBULLUSDT,57.21
BNBBULLBUSD,58.37
BNBBEARUSDT,58.61
BNBBEARBUSD,57.21
STPTBNB,0.00067
STPTBTC,1.12e-06
STPTUSDT,0.07672
BTCZAR,1323226.0
ETHZAR,75373.0
BNBZAR,5000.0
USDTZAR,19.37
BUSDZAR,18.85
BTCBKRW,42029197.0
ETHBKRW,1277799.0
BNBBKRW,44687.0
WTCUSDT,0.0103
DATABUSD,0.02344
DATAUSDT,0.08947
XZCUSDT,4.446
SOLBNB,0.3001
SOLBTC,0.0021325
SOLUSDT,145.69
SOLBUSD,74.62
BTCIDRT,693891182.0
BNBIDRT,4286985.0
USDTIDRT,15749.0
BUSDIDRT,14389.0
CTSIBTC,5.59e-06
CTSIUSDT,0.3822
CTSIBNB,0.0007983
CTSIBUSD,0.1642
HIVEBNB,0.00429
HIVEBTC,6.37e-06
HIVEUSDT,0.4355
CHRBNB,0.0008822
CHRBTC,6.27e-06
CHRUSDT,0.4289
BTCUPUSDT,16.6
BTCDOWNUSDT,0.001185
GXSUSDT,1.7923
ARDRUSDT,0.121
ERDBUSD,0.019661
LENDUSDT,0.51431
HBARBUSD,0.0602
MATICBUSD,0.8659
WRXBUSD,0.1105
ZILBUSD,0.01583
MDTBNB,0.0007372
MDTBTC,1.83e-06
MDTUSDT,0.12526
STMXBTC,1.6e-07
STMXETH,2.92e-06
STMXUSDT,0.011094
KNCBUSD,0.637
KNCUSDT,0.8549
REPBUSD,13.673
REPUSDT,4.73
LRCBUSD,0.1728
LRCUSDT,0.3609
IQBNB,2.243e-05
IQBUSD,0.00502
PNTBTC,8.64e-06
PNTUSDT,0.2086
BTCGBP,35986.75
ETHGBP,1974.32
XRPGBP,0.5257
BNBGBP,267.4
GBPBUSD,1.239
DGBBTC,2.2e-07
DGBBUSD,0.00632
BTCUAH,3096272.0
USDTUAH,45.32
COMPBTC,0.001323
COMPBNB,5.719
COMPBUSD,45.79
COMPUSDT,90.56
BTCBIDR,1073741790.0
ETHBIDR,61063256.0
BNBBIDR,3335250.0
BUSDBIDR,15559.0
USDTBIDR,15766.0
BKRWUSDT,0.0008453
BKRWBUSD,0.0008455
SCUSDT,0.009584
ZENUSDT,12.89
SXPBTC,7.38e-06
SXPBNB,0.00104
SXPBUSD,0.3721
SNXBTC,6.333e-05
SNXBNB,0.01057
SNXBUSD,1.936
SNXUSDT,4.329
ETHUPUSDT,11.651
ETHDOWNUSDT,0.0457
ADAUPUSDT,0.104
ADADOWNUSDT,0.001917
LINKUPUSDT,0.00608
LINKDOWNUSDT,0.000895
VTHOBNB,6.73e-06
VTHOBUSD,0.000718
VTHOUSDT,0.004644
DCRBUSD,16.035
DGBUSDT,0.01532
GBPUSDT,1.18
STORJBUSD,0.2371
SXPUSDT,0.5042
IRISBNB,0.001662
IRISBTC,6.1e-07
IRISBUSD,0.0608
MKRBNB,6.903
MKRBTC,0.03482
MKRUSDT,2382.0
MKRBUSD,1293.0
DAIBNB,0.04876
DAIBTC,8.966e-05
DAIUSDT,1.0189
DAIBUSD,1.0181
RUNEBNB,0.015842
RUNEBTC,0.000113
RUNEBUSD,5.462
MANABUSD,0.4388
DOGEBUSD,0.09742
LENDBUSD,0.5153
ZRXBUSD,0.1689
DCRUSDT,28.02
STORJUSDT,0.8655
XRPBKRW,319.76
ADABKRW,327.55
BTCAUD,37210.08
ETHAUD,2565.09
AUDBUSD,0.7255
FIOBNB,0.0001708
FIOBTC,6.5e-07
FIOBUSD,0.01922
BNBUPUSDT,61.8
BNBDOWNUSDT,0.002151
XTZUPUSDT,0.002551
XTZDOWNUSDT,2.6001
AVABNB,0.002188
AVABTC,1.275e-05
AVABUSD,0.47
USDTBKRW,1125.0
BUSDBKRW,1097.18
IOTABUSD,0.1431
MANAUSDT,0.7553
XRPAUD,0.7
BNBAUD,421.1
AUDUSDT,0.7252
BALBNB,0.4258
BALBTC,8.4e-05
BALBUSD,3.15
YFIBNB,82.19
YFIBTC,0.1484
YFIBUSD,5325.0
YFIUSDT,10127.0
BLZBUSD,0.0553
KMDBUSD,0.4676
BALUSDT,5.744
BLZUSDT,0.36
IRISUSDT,0.04164
KMDUSDT,0.3615
BTCDAI,68486.59
ETHDAI,3900.07
BNBDAI,485.5
USDTDAI,1.0024
BUSDDAI,1.0
JSTBNB,0.0002185
JSTBTC,6.1e-07
JSTBUSD,0.02103
JSTUSDT,0.04172
SRMBNB,0.00084
SRMBTC,1.523e-05
SRMBUSD,0.0353
SRMUSDT,0.24442
ANTBNB,0.01764
ANTBTC,0.0001432
ANTBUSD,4.303
ANTUSDT,7.407
CRVBNB,0.00687
CRVBTC,1.149e-05
CRVBUSD,0.5041
CRVUSDT,0.7869
SANDBNB,0.001573
SANDBTC,1.114e-05
SANDUSDT,0.7597
SANDBUSD,0.3261
OCEANBNB,0.002661
OCEANBTC,1.89e-05
OCEANBUSD,0.2848
OCEANUSDT,1.2921
NMRBTC,0.0006891
NMRBUSD,11.43
NMRUSDT,47.09
DOTBNB,0.02151
DOTBTC,0.000153
DOTBUSD,7.373
DOTUSDT,10.454
LUNABNB,1.9e-07
LUNABTC,1e-08
LUNABUSD,0.9442
LUNAUSDT,1.1168
IDEXBTC,1.2e-06
IDEXBUSD,0.04879
RSRBNB,8.52e-06
RSRBTC,1.6e-07
RSRBUSD,0.00184
RSRUSDT,0.005829
PAXGBNB,6.469
PAXGBTC,0.03122
PAXGBUSD,1941.0
PAXGUSDT,2134.0
WNXMBNB,0.1735
WNXMBTC,0.000672
WNXMBUSD,22.165
WNXMUSDT,80.96
TRBBNB,0.517
TRBBTC,0.0015378
TRBBUSD,90.12
TRBUSDT,104.99
ETHNGN,805670.0
DOTBIDR,72297.0
LINKAUD,7.986
SXPAUD,1.868
BZRXBNB,0.00514
BZRXBTC,4.63e-06
BZRXBUSD,0.2164
BZRXUSDT,0.2156
WBTCBTC,1.0
WBTCETH,17.57
SUSHIBNB,0.002698
SUSHIBTC,2.863e-05
SUSHIBUSD,0.566
SUSHIUSDT,1.956
YFIIBNB,4.42
YFIIBTC,0.07249
YFIIBUSD,1192.0
YFIIUSDT,435.5
KSMBNB,0.0908
KSMBTC,0.000768
KSMBUSD,18.87
KSMUSDT,52.62
EGLDBNB,0.1406
EGLDBTC,0.000991
EGLDBUSD,41.53
EGLDUSDT,67.93
DIABNB,0.003813
DIABTC,9.1e-06
DIABUSD,0.2384
DIAUSDT,0.623
RUNEUSDT,7.717
FIOUSDT,0.04375
UMABTC,7.022e-05
UMAUSDT,4.797
EOSUPUSDT,0.2113
EOSDOWNUSDT,0.0003665
TRXUPUSDT,0.03854
TRXDOWNUSDT,1.139
XRPUPUSDT,0.0855
XRPDOWNUSDT,8.172e-05
DOTUPUSDT,0.096
DOTDOWNUSDT,16.737
SRMBIDR,26748.0
ONEBIDR,119.92
LINKTRY,655.7
USDTNGN,1518.4
BELBNB,0.002538
BELBTC,1.351e-05
BELBUSD,0.5356
BELUSDT,0.9252
WINGBNB,0.04865
WINGBTC,0.0001516
SWRVBNB,0.001504
SWRVBUSD,0.5649
WINGBUSD,5.79
WINGUSDT,10.35
LTCUPUSDT,0.4801
LTCDOWNUSDT,2.2279
LENDBKRW,579.46
SXPEUR,0.2654
CREAMBNB,0.0723
CREAMBUSD,19.86
UNIBNB,0.0292
UNIBTC,0.0002076
UNIBUSD,4.58
UNIUSDT,14.195
NBSBTC,3.1e-07
NBSUSDT,0.00166
OXTBTC,2.28e-06
OXTUSDT,0.1561
SUNBTC,0.000711
SUNUSDT,0.016294
AVAXBNB,0.08833
AVAXBTC,0.0006274
AVAXBUSD,38.99
AVAXUSDT,42.86
HNTBTC,0.0002357
HNTUSDT,4.67
BAKEBNB,0.0008861
BURGERBNB,0.001536
SXPBIDR,19956.0
LINKBKRW,16948.99
FLMBNB,0.00333
FLMBTC,1.94e-06
FLMBUSD,0.2321
FLMUSDT,0.1325
SCRTBTC,9.92e-06
SCRTETH,0.000164
CAKEBNB,0.00761
CAKEBUSD,1.54
SPARTABNB,6.57e-05
UNIUPUSDT,1.055
UNIDOWNUSDT,2.172
ORNBTC,2.905e-05
ORNUSDT,1.9838
TRXNGN,20.71
SXPTRY,16.608
UTKBTC,1.72e-06
UTKUSDT,0.1174
XVSBNB,0.02784
XVSBTC,0.000196
XVSBUSD,7.03
XVSUSDT,13.45
ALPHABNB,0.000299
ALPHABTC,2.65e-06
ALPHABUSD,0.0771
ALPHAUSDT,0.1802
VIDTBTC,6.6e-07
VIDTBUSD,0.02305
AAVEBNB,0.2691
BTCBRL,344493.0
USDTBRL,5.045
AAVEBTC,0.001907
AAVEETH,0.03351
AAVEBUSD,93.0
AAVEUSDT,130.67
AAVEBKRW,164167.0
NEARBNB,0.012454
NEARBTC,8.88e-05
NEARBUSD,2.249
NEARUSDT,6.055
SXPUPUSDT,0.17426
SXPDOWNUSDT,0.0895
DOTBKRW,13514.98
SXPGBP,0.408
FILBNB,0.0226
FILBTC,0.0001606
FILBUSD,4.554
FILUSDT,10.975
FILUPUSDT,0.1515
FILDOWNUSDT,0.0007666
YFIUPUSDT,0.1169
YFIDOWNUSDT,0.9009
INJBNB,0.08389
INJBTC,0.0005966
INJBUSD,25.464
INJUSDT,40.75
AERGOBTC,2.57e-06
AERGOBUSD,0.1003
LINKEUR,18.276
ONEBUSD,0.01505
EASYETH,0.00623
AUDIOBTC,4.55e-06
AUDIOBUSD,0.1527
AUDIOUSDT,0.3113
CTKBNB,0.001869
CTKBTC,1.33e-05
CTKBUSD,0.534
CTKUSDT,0.9082
BCHUPUSDT,0.0724
BCHDOWNUSDT,0.2247
BOTBTC,0.04906
BOTBUSD,2783.23
ETHBRL,19617.89
DOTEUR,9.542
AKROBTC,1.3e-07
AKROUSDT,0.008074
KP3RBNB,0.2025
KP3RBUSD,45.39
AXSBNB,0.02535
AXSBTC,0.0001799
AXSBUSD,5.88
AXSUSDT,12.31
HARDBNB,0.000592
HARDBTC,3.64e-06
HARDBUSD,0.1091
HARDUSDT,0.2494
BNBBRL,2450.0
LTCEUR,81.48
RENBTCBTC,0.9931
RENBTCETH,16.299
DNTBUSD,0.036
DNTUSDT,0.036
SLPETH,1.99e-06
ADAEUR,0.6773
LTCNGN,78132.0
CVPETH,0.00032
CVPBUSD,0.343
STRAXBTC,2.279e-05
STRAXETH,0.0003188
STRAXBUSD,0.471
STRAXUSDT,1.56
FORBTC,5.1e-07
FORBUSD,0.01703
UNFIBNB,0.02654
UNFIBTC,0.00012
UNFIBUSD,7.815
UNFIUSDT,8.197
FRONTETH,0.0003304
FRONTBUSD,0.3322
BCHABUSD,43.641
ROSEBTC,2.58e-06
ROSEBUSD,0.06826
ROSEUSDT,0.17647
AVAXTRY,1410.3
BUSDBRL,4.991
AVAUSDT,0.8699
SYSBUSD,0.0818
XEMUSDT,0.05357
HEGICETH,1.647e-05
HEGICBUSD,0.0212
AAVEUPUSDT,0.6008
AAVEDOWNUSDT,0.004673
PROMBNB,0.01443
PROMBUSD,4.424
XRPBRL,3.132
XRPNGN,214.17
SKLBTC,1.49e-06
SKLBUSD,0.0215
SKLUSDT,0.10167
BCHEUR,391.7
YFIEUR,4835.0
ZILBIDR,253.4
SUSDBTC,2.065e-05
SUSDETH,0.000527
SUSDUSDT,0.996
COVERETH,0.06373
COVERBUSD,193.6
GLMBTC,1.023e-05
GLMETH,0.0001502
GHSTETH,0.0008175
GHSTBUSD,0.957
SUSHIUPUSDT,0.004714
SUSHIDOWNUSDT,37.37
XLMUPUSDT,0.0243
XLMDOWNUSDT,4.304
LINKBRL,100.55
LINKNGN,11772.0
LTCRUB,6383.1
TRXTRY,4.4697
XLMEUR,0.1304
DFETH,7.02e-05
DFBUSD,0.036
GRTBTC,5.86e-06
GRTETH,0.00010302
GRTUSDT,0.3999
JUVBTC,0.0001377
JUVBUSD,2.065
JUVUSDT,2.864
PSGBTC,6.93e-05
PSGBUSD,3.019
PSGUSDT,5.202
BUSDBVND,23720.0
USDTBVND,23710.0
1INCHBTC,9.01e-06
1INCHUSDT,0.6156
REEFBTC,1.4e-07
REEFUSDT,0.003057
OGBTC,8.69e-05
OGUSDT,5.941
ATMBTC,9.44e-05
ATMUSDT,3.242
ASRBTC,0.0001339
ASRUSDT,3.068
CELOBTC,1.79e-05
CELOUSDT,1.2206
RIFBTC,3.74e-06
RIFUSDT,0.2561
CHZTRY,5.1
XLMTRY,4.667
LINKGBP,13.173
GRTEUR,0.3651
BTCSTBTC,0.000331
BTCSTBUSD,1.16
BTCSTUSDT,5.35
TRUBTC,1.2e-06
TRUBUSD,0.5357
TRUUSDT,0.08196
DEXEETH,0.001378
DEXEBUSD,2.1
EOSEUR,0.762
LTCBRL,448.7
USDCBUSD,0.9999
TUSDBUSD,0.9966
PAXBUSD,1.0
CKBBTC,1.5e-07
CKBBUSD,0.00265
CKBUSDT,0.022118
TWTBTC,2.247e-05
TWTBUSD,0.7924
TWTUSDT,1.5352
FIROBTC,3.096e-05
FIROETH,0.001333
FIROUSDT,2.107
BETHETH,0.9996
DOGEEUR,0.16051
DOGETRY,5.768
DOGEAUD,0.09449
DOGEBRL,0.8877
DOTNGN,10716.0
PROSETH,0.000216
LITBTC,2.199e-05
LITBUSD,0.812
LITUSDT,1.501
BTCVAI,56876.4
BUSDVAI,1.015
SFPBTC,1.181e-05
SFPBUSD,0.5992
SFPUSDT,0.807
DOGEGBP,0.07759
DOTTRY,344.1
FXSBTC,0.00013601
FXSBUSD,6.964
DODOBTC,3.86e-06
DODOBUSD,0.1233
DODOUSDT,0.2642
FRONTBTC,1.139e-05
EASYBTC,0.0002925
CAKEBTC,5.417e-05
CAKEUSDT,3.7
BAKEBUSD,0.1426
UFTETH,0.0001694
UFTBUSD,0.2061
1INCHBUSD,0.2519
BANDBUSD,1.539
GRTBUSD,0.1052
IOSTBUSD,0.007
OMGBUSD,0.466
REEFBUSD,0.001394
ACMBTC,9.05e-05
ACMBUSD,2.073
ACMUSDT,2.672
AUCTIONBTC,0.0003989
AUCTIONBUSD,8.04
PHABTC,2.72e-06
PHABUSD,0.1034
DOTGBP,3.015
ADATRY,24.34
ADABRL,3.729
ADAGBP,0.513
TVKBTC,1.45e-06
TVKBUSD,0.02043
BADGERBTC,8.604e-05
BADGERBUSD,2.079
BADGERUSDT,5.905
FISBTC,1.04e-05
FISBUSD,0.2438
FISUSDT,0.7113
DOTBRL,52.78
ADAAUD,0.5054
HOTTRY,0.13335
EGLDEUR,62.22
OMBTC,4.46e-06
OMBUSD,0.01891
OMUSDT,0.3057
PONDBTC,5e-07
PONDBUSD,0.00936
PONDUSDT,0.03489
DEGOBTC,4.35e-05
DEGOBUSD,1.347
DEGOUSDT,2.997
AVAXEUR,39.27
BTTTRY,0.03783
CHZBRL,0.7815
UNIEUR,4.856
ALICEBTC,3.268e-05
ALICEBUSD,0.726
ALICEUSDT,2.229
CHZBUSD,0.0746
CHZEUR,0.14188
CHZGBP,0.0572
BIFIBNB,2.777
BIFIBUSD,359.6
LINABTC,2.1e-07
LINABUSD,0.010131
LINAUSDT,0.014012
ADARUB,34.49
ENJBRL,1.328
ENJEUR,0.1946
MATICEUR,1.0367
NEOTRY,570.7
PERPBTC,2.361e-05
PERPBUSD,0.54698
PERPUSDT,1.61638
RAMPBTC,2.73e-06
RAMPBUSD,0.0521
RAMPUSDT,0.0524
SUPERBTC,2.136e-05
SUPERBUSD,0.0727
SUPERUSDT,1.459
CFXBTC,4.74e-06
CFXBUSD,0.154
CFXUSDT,0.3231
ENJGBP,0.3676
EOSTRY,39.73
LTCGBP,63.56
LUNAEUR,6e-05
RVNTRY,0.9185
THETAEUR,0.614
XVGBUSD,0.003651
EPSBTC,4.99e-06
EPSBUSD,0.1679
EPSUSDT,0.1679
AUTOBTC,0.00324
AUTOBUSD,95.1
AUTOUSDT,95.3
TKOBTC,7.5e-06
TKOBIDR,3360.0
TKOBUSD,0.2082
TKOUSDT,0.5125
PUNDIXETH,0.0001666
PUNDIXUSDT,0.6804
BTTBRL,0.01553
BTTEUR,0.002436
HOTEUR,0.001789
WINEUR,0.0001808
TLMBTC,4.1e-07
TLMBUSD,0.00941
TLMUSDT,0.02788
1INCHUPUSDT,0.065703
1INCHDOWNUSDT,0.006148
BTGBUSD,17.62
BTGUSDT,17.65
HOTBUSD,0.001058
BNBUAH,21948.0
ONTTRY,11.611
VETEUR,0.04532
VETGBP,0.0143
WINBRL,0.0009929
MIRBTC,8.38e-06
MIRBUSD,0.13237
MIRUSDT,0.14168
BARBTC,0.000141
BARBUSD,2.533
BARUSDT,3.086
FORTHBTC,7.264e-05
FORTHBUSD,3.027
FORTHUSDT,4.968
CAKEGBP,2.714
DOGERUB,6.94
HOTBRL,0.0375
WRXEUR,0.5746
EZBTC,1.351e-05
EZETH,0.000175
BAKEUSDT,0.4281
BURGERBUSD,0.3208
BURGERUSDT,0.7973
SLPBUSD,0.001487
SLPUSDT,0.007746
TRXAUD,0.0981
TRXEUR,0.12432
VETTRY,1.6257
SHIBUSDT,3.515e-05
SHIBBUSD,9.31e-06
ICPBTC,0.000215
ICPBNB,0.03044
ICPBUSD,3.897
ICPUSDT,14.729
SHIBEUR,3.22e-05
SHIBRUB,0.0005773
ETCEUR,20.0
ETCBRL,202.4
DOGEBIDR,955.0
ARBTC,0.0006393
ARBNB,0.02183
ARBUSD,3.852
ARUSDT,43.65
POLSBTC,1.859e-05
POLSBNB,0.00265
POLSBUSD,0.2567
POLSUSDT,0.9988
MDXBTC,1.17e-06
MDXBNB,0.000619
MDXBUSD,0.0644
MDXUSDT,0.08059
MASKBNB,0.0105
MASKBUSD,3.587
MASKUSDT,5.101
LPTBTC,0.000324
LPTBNB,0.04581
LPTBUSD,6.16
LPTUSDT,22.143
ETHUAH,175843.0
MATICBRL,5.71
SOLEUR,133.5
SHIBBRL,0.00017712
AGIXBTC,1.921e-05
ICPEUR,13.495
MATICGBP,0.819
SHIBTRY,0.00115709
MATICBIDR,8382.0
MATICRUB,76.47
NUBTC,1.24e-05
NUBNB,0.0012677
NUBUSD,0.5453
NUUSDT,0.5436
XVGUSDT,0.005945
RLCBUSD,1.783
CELRBUSD,0.01148
ATMBUSD,2.42
ZENBUSD,7.19
FTMBUSD,0.4218
THETABUSD,0.616
WINBUSD,6.94e-05
KAVABUSD,0.624
XEMBUSD,0.0963
ATABTC,2.33e-06
ATABNB,0.000369
ATABUSD,0.0792
ATAUSDT,0.1595
GTCBTC,3.428e-05
GTCBNB,0.0186
GTCBUSD,0.952
GTCUSDT,2.354
TORNBTC,0.0002398
TORNBNB,0.09058
TORNBUSD,1.69
TORNUSDT,4.06
MATICTRY,37.259
ETCGBP,26.54
SOLGBP,88.08
BAKEBTC,6.25e-06
COTIBUSD,0.03732
KEEPBTC,1.432e-05
KEEPBNB,0.0014507
KEEPBUSD,0.626
KEEPUSDT,0.6251
SOLTRY,4794.2
RUNEGBP,1.278
SOLBRL,734.6
SCBUSD,0.003664
CHRBUSD,0.1085
STMXBUSD,0.005851
HNTBUSD,1.228
FTTBUSD,1.13
DOCKBUSD,0.01527
ADABIDR,3965.0
ERNBNB,0.00669
ERNBUSD,1.471
ERNUSDT,5.55
KLAYBTC,4.18e-06
KLAYBNB,0.000618
KLAYBUSD,0.1354
KLAYUSDT,0.2859
RUNEEUR,3.762
MATICAUD,1.2141
DOTRUB,493.5
UTKBUSD,0.0561
IOTXBUSD,0.02148
PHAUSDT,0.1858
SOLRUB,5467.0
RUNEAUD,17.404
BUSDUAH,41.12
BONDBTC,6.059e-05
BONDBNB,0.02969
BONDBUSD,4.262
BONDUSDT,4.133
MLNBTC,0.0003545
MLNBNB,0.0988
MLNBUSD,15.73
MLNUSDT,24.25
GRTTRY,13.179
CAKEBRL,69.72
ICPRUB,4589.0
DOTAUD,6.631
AAVEBRL,1792.0
EOSAUD,6.555
DEXEUSDT,9.953
LTOBUSD,0.0559
ADXBUSD,0.1334
QUICKBTC,1.31e-06
QUICKBNB,0.422
QUICKBUSD,74.1
C98USDT,0.4302
C98BUSD,0.1343
C98BNB,0.000805
C98BTC,6.27e-06
CLVBTC,1.22e-06
CLVBNB,0.0002643
CLVBUSD,0.03282
CLVUSDT,0.08376
QNTBTC,0.001768
QNTBNB,0.4015
QNTBUSD,85.5
QNTUSDT,120.7
FLOWBTC,2.042e-05
FLOWBNB,0.002474
FLOWBUSD,0.513
FLOWUSDT,1.394
XECBUSD,3.1e-05
AXSBRL,38.36
AXSAUD,8.66
TVKUSDT,0.05405
MINABTC,1.984e-05
MINABNB,0.001666
MINABUSD,0.3779
MINAUSDT,1.3564
RAYBNB,0.002815
RAYBUSD,0.1701
RAYUSDT,1.3554
FARMBTC,0.000751
FARMBNB,0.1515
FARMBUSD,21.12
FARMUSDT,54.31
ALPACABTC,3.57e-06
ALPACABNB,0.000944
ALPACABUSD,0.1439
ALPACAUSDT,0.2447
TLMTRY,0.9181
QUICKUSDT,0.08976
ORNBUSD,0.5519
MBOXBTC,7.88e-06
MBOXBNB,0.001115
MBOXBUSD,0.209
MBOXUSDT,0.5384
VGXBTC,2.524e-05
VGXETH,0.000348
FORUSDT,0.03478
REQUSDT,0.1454
GHSTUSDT,1.209
TRURUB,2.98
FISBRL,1.781
WAXPUSDT,0.09586
WAXPBUSD,0.0417
WAXPBNB,0.0001706
WAXPBTC,1.41e-06
TRIBEBTC,7.43e-06
TRIBEBNB,0.001431
TRIBEBUSD,0.2057
TRIBEUSDT,0.2018
GNOUSDT,424.7
GNOBUSD,304.1
GNOBNB,0.865
GNOBTC,0.005624
ARPATRY,2.5475
PROMBTC,0.0002108
MTLBUSD,1.353
OGNBUSD,0.1129
XECUSDT,6.86e-05
C98BRL,1.308
SOLAUD,28.48
XRPBIDR,7835.0
POLYBUSD,0.27
ELFUSDT,0.6793
DYDXUSDT,4.207
DYDXBUSD,3.771
DYDXBNB,0.008645
DYDXBTC,6.156e-05
ELFBUSD,0.3403
POLYUSDT,0.2696
IDEXUSDT,0.08298
VIDTUSDT,0.04475
SOLBIDR,311087.0
AXSBIDR,72500.0
BTCUSDP,19435.03
ETHUSDP,1344.37
BNBUSDP,282.09
USDPBUSD,1.0
USDPUSDT,0.9975
GALAUSDT,0.05544
GALABUSD,0.02957
GALABNB,0.00011404
GALABTC,8.1e-07
FTMBIDR,3413.0
ALGOBIDR,20095.0
CAKEAUD,25.61
KSMAUD,234.8
WAVESRUB,1190.49
SUNBUSD,0.00544
ILVUSDT,145.24
ILVBUSD,39.06
ILVBNB,0.179
ILVBTC,0.002131
RENBUSD,0.045398
YGGUSDT,0.9229
YGGBUSD,0.4053
YGGBNB,0.000687
YGGBTC,1.351e-05
STXBUSD,0.6756
SYSUSDT,0.2745
DFUSDT,0.06094
SOLUSDC,146.05
ARPARUB,4.928
LTCUAH,3191.0
FETBUSD,0.4915
ARPABUSD,0.0466
LSKBUSD,0.844
AVAXBIDR,266752.0
ALICEBIDR,29103.0
FIDAUSDT,0.4765
FIDABUSD,0.1782
FIDABNB,0.00543
FIDABTC,6.98e-06
DENTBUSD,0.000707
FRONTUSDT,0.7794
CVPUSDT,0.6177
AGLDBTC,2.544e-05
AGLDBNB,0.0019
AGLDBUSD,0.827
AGLDUSDT,1.745
RADBTC,3.545e-05
RADBNB,0.01032
RADBUSD,1.321
RADUSDT,2.418
UNIAUD,34.47
HIVEBUSD,0.2758
STPTBUSD,0.04185
BETABTC,1.57e-06
BETABNB,0.000335
BETABUSD,0.06354
BETAUSDT,0.10722
SHIBAUD,1.121e-05
RAREBTC,2.48e-06
RAREBNB,0.000691
RAREBUSD,0.0596
RAREUSDT,0.1697
AVAXBRL,216.4
AVAXAUD,17.91
LUNAAUD,9e-05
TROYBUSD,0.002269
AXSETH,0.003161
FTMETH,0.000204
SOLETH,0.03746
SSVBTC,0.0005429
SSVETH,0.009523
LAZIOTRY,100.04
LAZIOEUR,2.548
LAZIOBTC,4.446e-05
LAZIOUSDT,3.037
CHESSBTC,4.41e-06
CHESSBNB,0.001885
CHESSBUSD,0.12
CHESSUSDT,0.3015
FTMAUD,0.42
FTMBRL,1.923
SCRTBUSD,0.2629
ADXUSDT,0.2535
AUCTIONUSDT,27.22
CELOBUSD,0.47
FTMRUB,36.85
NUAUD,0.769
NURUB,41.13
REEFTRY,0.10061
REEFBIDR,162.0
SHIBDOGE,0.0002004
DARUSDT,0.24464
DARBUSD,0.07995
DARBNB,0.00037248
DARBTC,3.58e-06
BNXBTC,6.13e-06
BNXBNB,0.001227
BNXBUSD,0.2743
BNXUSDT,0.4198
RGTUSDT,14.44
RGTBTC,0.0003796
RGTBUSD,14.46
RGTBNB,0.03997
LAZIOBUSD,1.644
OXTBUSD,0.0513
MANATRY,24.85
ALGORUB,12.6
SHIBUAH,0.000793
LUNABIDR,0.88
AUDUSDC,0.6477
MOVRBTC,0.0003308
MOVRBNB,0.1552
MOVRBUSD,3.69
MOVRUSDT,22.596
CITYBTC,6.03e-05
CITYBNB,0.01454
CITYBUSD,2.964
CITYUSDT,3.804
ENSBTC,0.000364
ENSBNB,0.03091
ENSBUSD,6.96
ENSUSDT,24.97
SANDETH,0.0001955
DOTETH,0.002681
MATICETH,0.0002912
ANKRBUSD,0.01906
SANDTRY,25.02
MANABRL,1.661
KP3RUSDT,92.65
QIUSDT,0.02358
QIBUSD,0.00507
QIBNB,9.91e-05
QIBTC,3.5e-07
PORTOBTC,4.55e-05
PORTOUSDT,3.11
PORTOTRY,102.23
PORTOEUR,2.715
POWRUSDT,0.3922
POWRBUSD,0.1504
AVAXETH,0.01103
SLPTRY,0.25494
FISTRY,8.87
LRCTRY,11.878
CHRETH,0.0001101
FISBIDR,9124.0
VGXUSDT,0.1344
GALAETH,1.425e-05
JASMYUSDT,0.022791
JASMYBUSD,0.003593
JASMYBNB,1.767e-05
JASMYBTC,1.7e-07
AMPBTC,1e-07
AMPBNB,3.999e-05
AMPBUSD,0.001429
AMPUSDT,0.005475
PLABTC,4.65e-06
PLABNB,0.0006968
PLABUSD,0.1477
PLAUSDT,0.2347
PYRBTC,0.0001502
PYRBUSD,3.903
PYRUSDT,10.259
RNDRBTC,0.0001819
RNDRUSDT,12.453
RNDRBUSD,3.04
ALCXBTC,0.0005256
ALCXBUSD,10.73
ALCXUSDT,35.88
SANTOSBTC,0.00011922
SANTOSUSDT,8.118
SANTOSBRL,20.0
SANTOSTRY,267.9
MCBTC,1.4e-05
MCBUSD,0.2657
MCUSDT,0.4861
BELTRY,30.46
COCOSBUSD,1.7589
DENTTRY,0.07114
ENJTRY,20.72
NEORUB,734.0
SANDAUD,0.6359
SLPBIDR,32.3
ANYBTC,0.0002602
ANYBUSD,12.33
ANYUSDT,12.3
BICOBTC,8.4e-06
BICOBUSD,0.2514
BICOUSDT,0.5718
FLUXBTC,1.703e-05
FLUXBUSD,0.3265
FLUXUSDT,1.1637
ALICETRY,73.26
FXSUSDT,9.285
GALABRL,0.2793
GALATRY,1.8252
LUNATRY,36.75
REQBUSD,0.0633
SANDBRL,1.807
MANABIDR,10781.0
SANDBIDR,6598.0
VOXELBTC,5.8e-06
VOXELBNB,0.0006934
VOXELBUSD,0.1325
VOXELUSDT,0.3929
COSBUSD,0.00517
CTXCBUSD,0.115
FTMTRY,26.149
MANABNB,0.00155
MINATRY,44.65
XTZTRY,29.03
HIGHBTC,3.393e-05
HIGHBUSD,1.421
HIGHUSDT,2.32
CVXBTC,8.55e-05
CVXBUSD,2.597
CVXUSDT,4.967
PEOPLEBTC,7.1e-07
PEOPLEBUSD,0.0095
PEOPLEUSDT,0.04838
OOKIBUSD,0.001629
OOKIUSDT,0.002958
COCOSTRY,36.66
GXSBNB,0.004538
LINKBNB,0.04107
LUNAETH,3e-08
MDTBUSD,0.04578
NULSBUSD,0.1785
SPELLBTC,1.2e-07
SPELLUSDT,0.0013212
SPELLBUSD,0.0003973
USTBTC,2.476e-05
USTBUSD,0.06762946
USTUSDT,0.245779
JOEBTC,8.37e-06
JOEBUSD,0.2188
JOEUSDT,0.5724
ATOMETH,0.003456
DUSKBUSD,0.1431
EGLDETH,0.01747
ICPETH,0.003783
LUNABRL,0.0003
LUNAUST,4.9e-05
NEARETH,0.001558
ROSEBNB,0.0001534
VOXELETH,0.0002022
ALICEBNB,0.00524
ATOMTRY,443.5
ETHUST,8239.72
GALAAUD,0.0396
LRCBNB,0.000839
ONEETH,6.17e-06
OOKIBNB,1.491e-05
ACHBTC,4.9e-07
ACHBUSD,0.01646
ACHUSDT,0.03321
IMXBTC,5.224e-05
IMXBUSD,0.6508
IMXUSDT,3.5677
GLMRBTC,7.04e-06
GLMRBUSD,0.2065
GLMRUSDT,0.4823
ATOMBIDR,307866.0
DYDXETH,0.001591
FARMETH,0.03152
FORBNB,9.71e-05
ICPTRY,484.9
JASMYETH,3.02e-06
LINABNB,7.811e-05
OOKIETH,2.51e-06
ROSEETH,4.535e-05
UMABUSD,1.327
UNIETH,0.003639
XTZETH,0.00044
LOKABTC,6.14e-06
LOKABNB,0.0010427
LOKABUSD,0.1849
LOKAUSDT,0.4202
ATOMBRL,66.35
BNBUST,1129.3
CRVETH,0.0002078
HIGHBNB,0.004557
NEARRUB,183.4
ROSETRY,5.81
SCRTUSDT,0.6779
API3BTC,5.595e-05
API3BUSD,1.0
API3USDT,3.83
BTTCUSDT,1.8e-06
BTTCUSDC,7.8e-07
BTTCTRY,5.947e-05
ACABTC,1.98e-06
ACABUSD,0.0464
ACAUSDT,0.1351
ANCBTC,1.86e-06
ANCBUSD,0.02872
ANCUSDT,0.03151
BDOTDOT,0.9982
XNOBTC,2.269e-05
XNOETH,0.0005017
XNOBUSD,0.663
XNOUSDT,1.55
COSTRY,0.2816
KAVAETH,0.0003066
MCBNB,0.000698
ONETRY,1.1711
WOOBTC,8.5e-06
WOOBNB,0.001141
WOOBUSD,0.1645
WOOUSDT,0.5808
CELRETH,7.89e-06
PEOPLEBNB,4.675e-05
SLPBNB,8.84e-06
SPELLBNB,4.04e-06
SPELLTRY,0.04348
TFUELBUSD,0.0439
AXSTRY,404.8
DARTRY,8.046
NEARTRY,199.49
IDEXBNB,0.0001982
ALPINEEUR,2.196
ALPINETRY,87.0
ALPINEUSDT,2.648
ALPINEBTC,3.893e-05
TUSDT,0.03557
TBUSD,0.02312
API3BNB,0.00533
BETAETH,3.349e-05
INJTRY,1340.3
TLMBNB,0.0001099
ASTRBUSD,0.05
ASTRUSDT,0.154
API3TRY,125.9
GLMRBNB,0.001021
MBOXTRY,17.72
NBTBIDR,39.1
NBTUSDT,0.00252
GMTBTC,4.98e-06
GMTBNB,0.000769
GMTBUSD,0.227
GMTUSDT,0.3399
ANCBNB,0.0001288
ATOMEUR,12.334
GALAEUR,0.0507
KSMETH,0.02114
UMATRY,157.96
KDABTC,2.522e-05
KDABUSD,0.42
KDAUSDT,1.725
APEUSDT,2.272
APEBUSD,1.423
APEBTC,3.327e-05
ALPINEBUSD,1.749
LUNAGBP,5e-05
NEAREUR,5.55
TWTTRY,50.61
WAVESEUR,1.354
APEEUR,1.508
APEGBP,3.305
APETRY,74.83
BSWUSDT,0.1487
BSWBUSD,0.067
BSWBNB,0.0002987
APEBNB,0.005277
GMTBRL,1.325
GMTETH,0.0001015
JASMYTRY,0.7498
SANTOSBUSD,2.917
APEAUD,4.072
BIFIUSDT,411.3
GMTEUR,0.3109
IMXBNB,0.002362
RUNEETH,0.0019814
AVAXGBP,14.18
MULTIBTC,3.673e-05
MULTIBUSD,2.097
MULTIUSDT,0.834
APEETH,0.0005825
BSWETH,0.0001366
FILTRY,361.2
FTMEUR,0.7292
GMTGBP,0.2107
ZILTRY,1.1503
GMTTRY,11.19
WAVESTRY,110.17
BTCUST,121179.88
ASTRBTC,2.25e-06
ASTRETH,3.108e-05
BSWTRY,4.887
FTTETH,0.001141
FUNBNB,1.888e-05
PORTOBUSD,1.757
STEEMUSDT,0.3385
ZILEUR,0.02063
APEBRL,22.16
AUDIOTRY,10.247
BTTCBUSD,4.5e-07
GMTAUD,0.5695
MBLBUSD,0.002658
MOBUSDT,0.4107
MOBBUSD,0.55
MOBBTC,6.02e-06
NEXOUSDT,1.432
NEXOBUSD,0.627
NEXOBTC,2.093e-05
REIUSDT,0.05119
REIBNB,8.21e-05
REIETH,1.928e-05
GALUSDT,3.992
GALBUSD,1.351
GALBNB,0.004893
GALBTC,5.855e-05
JASMYEUR,0.004568
KNCBNB,0.00255
SHIBGBP,6.96e-06
GALEUR,0.995
GALTRY,131.67
LDOBUSD,1.744
LDOUSDT,3.353
LDOBTC,4.908e-05
ENSTRY,820.3
DAREUR,0.12133
DARETH,0.0001014
ALGOETH,6.976e-05
ALGOTRY,8.948
GALETH,0.000762
EPXUSDT,0.0004083
EPXBUSD,0.0001698
RUNETRY,31.38
GALBRL,8.68
STEEMBUSD,0.1847
CVCBUSD,0.0688
REIBUSD,0.03079
DREPBUSD,0.2536
AKROBUSD,0.00618
PUNDIXBUSD,0.3336
LUNCBUSD,0.000171
USTCBUSD,0.0132658
OPBTC,6.829e-05
OPBUSD,1.803
OPUSDT,4.666
OGBUSD,4.416
KEYBUSD,0.00543
ASRBUSD,2.159
FIROBUSD,1.441
NKNBUSD,0.0972
OPBNB,0.009608
OPEUR,4.267
GTOBUSD,0.02863
SNXETH,0.001113
WBTCBUSD,40760.13
BELETH,0.0004117
LITETH,0.0003551
LEVERUSDT,0.002799
LEVERBUSD,0.001308
BURGERETH,0.00045
PEOPLEETH,6.68e-06
UNFIETH,0.002241
BONDETH,0.002665
STORJTRY,28.46
OPETH,0.001198
ETCTRY,1221.8
WINGETH,0.003521
FILETH,0.002824
GLMBUSD,0.1786
SSVBUSD,15.74
STGBTC,1.077e-05
STGBUSD,0.414
STGUSDT,0.7379
ANKRTRY,1.6408
ARKBUSD,0.5356
BETHBUSD,1551.73
LOOMBUSD,0.04003
SNMBUSD,0.0147
AMBBUSD,0.00796
LUNCUSDT,0.00019189
PHBBUSD,0.6588
GASBUSD,9.216
NEBLBUSD,0.354
PROSBUSD,0.315
VIBBUSD,0.04217
GMXBTC,0.000815
GMXBUSD,31.67
GMXUSDT,55.35
AGIXBUSD,0.29947
NEBLUSDT,0.355
SNTBUSD,0.02283
POLYXBTC,4.03e-06
POLYXBUSD,0.1217
POLYXUSDT,0.2755
APTBTC,0.00019252
APTUSDT,13.1567
APTBUSD,7.3198
BTCPLN,272913.0
ETHPLN,15563.0
BUSDPLN,4.065
APTEUR,12.0459
APTTRY,433.3
APTBRL,39.76
QKCBUSD,0.008695
OSMOBTC,2.429e-05
OSMOUSDT,1.6595
OSMOBUSD,0.464
HFTBTC,7.12e-06
HFTBUSD,0.2589
HFTUSDT,0.4861
ARPAETH,2.363e-05
PHBUSDT,3.5652
VITEBUSD,0.01726
HOOKBTC,2.027e-05
HOOKUSDT,1.3903
HOOKBUSD,0.8941
HOOKBNB,0.0031953
MAGICBTC,2.006e-05
MAGICBUSD,0.5585
MAGICUSDT,1.3727
BUSDRON,4.628
HIFIETH,0.0002531
HIFIUSDT,0.7993
RPLBTC,0.000641
RPLBUSD,24.17
RPLUSDT,34.44
PROSUSDT,0.7241
FETTRY,99.215
GFTBUSD,0.02911
AGIXUSDT,1.31277
APTETH,0.003383
BTCRON,312319.0
GNSUSDT,6.038
GNSBTC,8.84e-05
SYNBTC,2.371e-05
SYNUSDT,1.6256
VIBUSDT,0.11785
SSVUSDT,37.08
LQTYUSDT,1.889
LQTYBTC,2.772e-05
AMBUSDT,0.01452
BETHUSDT,1556.27
CFXTRY,10.638
STXTRY,91.838
USTCUSDT,0.03541019
GASUSDT,7.125
GLMUSDT,0.6985
PROMUSDT,14.433
QKCUSDT,0.014657
UFTUSDT,0.4964
IDBTC,1.248e-05
IDBNB,0.0009493
IDUSDT,0.85066
ARBBTC,3.07e-05
ARBUSDT,2.0943
AGIXTRY,43.219
LOOMUSDT,0.11243
OAXUSDT,0.2246
ARBTUSD,2.0911
ARBTRY,68.94
ARBEUR,1.9199
IDTUSD,0.85151
IDTRY,28.064
IDEUR,0.18769
LDOTUSD,3.353
MATICTUSD,1.1306
OPTUSD,4.66
SOLTUSD,145.54
SSVTUSD,37.04
RDNTBTC,5.56e-06
RDNTUSDT,0.3801
RDNTTUSD,0.3795
ARBRUB,95.1
JOETRY,18.81
MAGICTRY,45.2
USDTPLN,3.994
ACHTRY,1.0947
XVSTRY,441.2
EGLDRON,310.5
USDTRON,4.568
USDTARS,976.0
DOGETUSD,0.175
WBTCUSDT,68363.93
EDUUSDT,0.98091
EDUTUSD,0.97654
EDUBNB,0.0020119
EDUBTC,1.435e-05
EDUEUR,0.47455
EDUTRY,32.28
SUIUSDT,1.6044
SUITUSD,1.6036
SUIBTC,2.347e-05
SUIBNB,0.003305
SUIEUR,1.4849
SUITRY,52.73
AERGOUSDT,0.1786
RNDRTRY,409.41
PEPEUSDT,8.7e-06
PEPETUSD,8.68e-06
FLOKIUSDT,0.00024436
FLOKITUSD,3.203e-05
OGTRY,195.5
PEPETRY,0.00028639
WBETHETH,1.0314
ASTUSDT,0.1966
SNTUSDT,0.05154
FLOKITRY,0.0080423
CITYTRY,125.1
COMBOUSDT,1.1809
COMBOBNB,0.002272
COMBOTRY,38.88
LTCTRY,2926.0
RADTRY,79.58
BTCARS,66598264.0
OPTRY,153.49
PAXGTRY,70248.0
MAVBTC,9.32e-06
MAVUSDT,0.6365
MAVTUSD,0.6335
CFXTUSD,0.3234
PENDLEBTC,4.587e-05
PENDLEUSDT,3.1311
PENDLETUSD,3.1349
MAVTRY,20.96
OCEANTRY,42.589
TUSDTRY,32.95
ARBETH,0.0005394
BCHTRY,14153.0
XVGTRY,0.1957
XVGTUSD,0.005941
ARKMUSDT,3.4957
ARKMTUSD,3.4893
ARKMTRY,115.082
ARKMBNB,0.0072143
ARKMBTC,5.116e-05
WBETHUSDT,4010.51
ACATRY,4.448
AVAXTUSD,42.81
COMPTUSD,90.21
COMPTRY,2980.0
XECTRY,0.0022584
QUICKTUSD,0.04668
WLDUSDT,10.547
WLDBTC,0.00015441
BNBFDUSD,484.6
FDUSDBUSD,1.0
FDUSDUSDT,1.0015
ARKMRUB,40.11
WLDTRY,347.05
WLDRUB,218.3
AMPTRY,0.17985
OGNTRY,7.68
BTCFDUSD,68212.23
ETHFDUSD,3884.66
ASRTRY,101.2
ATMTRY,106.4
ACMTRY,88.11
BARTRY,101.3
JUVTRY,94.46
PSGTRY,171.04
SEIBNB,0.0018761
SEIBTC,1.338e-05
SEIFDUSD,0.9126
SEITRY,30.06
SEIUSDT,0.9135
CYBERBNB,0.024236
CYBERBTC,0.00017245
CYBERFDUSD,11.801
CYBERTRY,388.64
CYBERUSDT,11.81
CYBERTUSD,11.721
SEITUSD,0.913
LPTTRY,728.5
UNITRY,467.2
SOLFDUSD,145.49
TOMOTRY,40.26
UNFITRY,269.8
XRPFDUSD,0.6195
DOGEFDUSD,0.17511
CYBERETH,0.003035
MTLTRY,81.46
ARKUSDT,1.1048
CREAMUSDT,18.33
GFTUSDT,0.02603
IQUSDT,0.012572
USDTVAI,1.013
ARBFDUSD,2.091
FDUSDTRY,32.96
FRONTTRY,25.647
SUIFDUSD,1.6027
NTRNBTC,2.161e-05
NTRNUSDT,1.4809
NTRNBNB,0.003069
FILFDUSD,10.966
FRONTTUSD,0.7802
LEVERTRY,0.09197
LTCFDUSD,88.78
ADAFDUSD,0.7381
RUNETUSD,7.645
TRBTRY,3457.0
ATOMFDUSD,13.465
AVAXFDUSD,42.82
BANDTRY,84.52
BCHFDUSD,429.5
LOOMTRY,3.703
MATICFDUSD,1.1302
ALGOFDUSD,0.2713
DOTFDUSD,10.441
FTMFDUSD,0.7946
LINKFDUSD,19.911
NEARFDUSD,6.048
STRAXTRY,51.4
TIABTC,0.0002489
TIAUSDT,16.99
TIATRY,558.9
MEMEBNB,9.385e-05
MEMEUSDT,0.045573
MEMEFDUSD,0.045623
MEMETUSD,0.045388
MEMETRY,1.49991
ORDIBTC,0.0011114
ORDIUSDT,75.926
ORDITRY,2500.0
EGLDFDUSD,67.82
FETFDUSD,3.0108
GASFDUSD,7.132
INJETH,0.01049
INJTUSD,40.78
OPFDUSD,4.647
ORDIFDUSD,75.817
ORDITUSD,76.585
RNDRFDUSD,12.397
SHIBTUSD,3.51e-05
BEAMXUSDT,0.041532
ARKTRY,36.34
BEAMXTRY,1.3668
CAKETRY,121.78
CAKETUSD,3.697
DYDXFDUSD,4.18
PIVXUSDT,0.444
RUNEFDUSD,7.698
TIATUSD,16.95
DOTTUSD,10.405
GALAFDUSD,0.05537
WLDFDUSD,10.527
GASTRY,234.5
NTRNTRY,48.79
VICBTC,1.319e-05
VICUSDT,0.895
VICTRY,29.41
BLURBTC,1.032e-05
BLURUSDT,0.7048
BLURTRY,23.23
BLURFDUSD,0.7044
SUPERFDUSD,1.4558
USTCFDUSD,0.03525568
USTCTRY,1.165
DYDXTRY,138.31
VANRYUSDT,0.19505
VANRYBTC,2.86e-06
BTCAEUR,62580.0
AEURUSDT,1.0914
ETHAEUR,3564.93
EURAEUR,1.0001
AUCTIONFDUSD,27.15
IOTAFDUSD,0.3389
LUNCTRY,0.006315
SUPERTRY,48.01
JTOUSDT,2.8204
JTOFDUSD,2.8225
JTOTRY,92.827
1000SATSUSDT,0.0006427
1000SATSFDUSD,0.0006386
1000SATSTRY,0.021147
SHIBFDUSD,3.51e-05
SANDFDUSD,0.7601
MEMEETH,1.168e-05
IOTATRY,11.179
INJFDUSD,40.74
FIDATRY,15.646
BONKUSDT,3.12e-05
BONKFDUSD,3.116e-05
BONKTRY,0.0010266
ACEFDUSD,12.8824
ACEUSDT,12.898
ACEBNB,0.026538
ACEBTC,0.00018873
ACETRY,424.64
BLZFDUSD,0.3585
RARETRY,5.6
VANRYTRY,6.412
NFPBTC,1.522e-05
NFPUSDT,1.03944
NFPBNB,0.002138
NFPFDUSD,1.03452
NFPTUSD,1.03794
NFPTRY,34.16
ARBUSDC,2.1005
AVAXUSDC,42.95
DOTUSDC,10.49
INJUSDC,40.91
MATICUSDC,1.1351
OPUSDC,4.675
ORDIUSDC,76.089
AIBTC,3.179e-05
AIUSDT,2.169
AIBNB,0.004471
AIFDUSD,2.177
AITUSD,2.171
AITRY,71.42
ICPFDUSD,14.66
LDOFDUSD,3.338
MOVRTRY,742.8
XAIBTC,2.138e-05
XAIUSDT,1.4651
XAIBNB,0.00301265
XAIFDUSD,1.4584
XAITUSD,1.4608
XAITRY,48.19
SKLTRY,3.334
STXFDUSD,2.7805
TIAFDUSD,16.98
MANTABTC,5.12e-05
MANTAUSDT,3.497
MANTABNB,0.00722
MANTAFDUSD,3.49
MANTATRY,115.29
ENSFDUSD,24.89
ETCFDUSD,37.02
SUIUSDC,1.6089
TIAUSDC,16.98
CHZFDUSD,0.15441
MANTAUSDC,3.502
ALTBTC,8e-06
ALTUSDT,0.54882
ALTBNB,0.00112977
ALTFDUSD,0.54778
ALTTRY,18.062
APTFDUSD,13.1504
BLURUSDC,0.7053
JUPUSDT,0.7399
JUPFDUSD,0.7379
JUPTRY,24.34
ALTUSDC,0.54986
MAGICFDUSD,1.3708
SEIUSDC,0.9168
PYTHBTC,1.002e-05
PYTHUSDT,0.6846
PYTHFDUSD,0.6835
PYTHTRY,22.52
RONINBTC,5.591e-05
RONINUSDT,3.818
RONINFDUSD,3.811
RONINTRY,125.51
DYMBTC,9.534e-05
DYMUSDT,6.528
DYMFDUSD,6.516
DYMTRY,214.37
JUPUSDC,0.74
PENDLEFDUSD,3.1314
PIXELBTC,1.212e-05
PIXELBNB,0.0017068
PIXELUSDT,0.8277
PIXELFDUSD,0.8238
PIXELTRY,27.24
STRKBTC,3.477e-05
STRKUSDT,2.381
STRKFDUSD,2.378
STRKTRY,78.44
FILUSDC,10.989
HBARTRY,4.271
PENDLETRY,103.38
WLDUSDC,10.574
CKBTRY,0.7283
COTITRY,8.057
LDOTRY,110.4
UNIUSDC,14.216
PORTALBTC,3.774e-05
PORTALUSDT,2.5715
PORTALBNB,0.0053156
PORTALFDUSD,2.5711
PORTALTRY,84.65
PDABTC,4.24e-06
PDAUSDT,0.2901
AXLBTC,3.226e-05
AXLUSDT,2.2076
AXLFDUSD,2.2032
AXLTRY,72.66
PEPEFDUSD,8.68e-06
PIXELUSDC,0.82
STRKUSDC,2.367
UNIFDUSD,14.129
OMTRY,10.061
THETATRY,100.73
WIFBTC,3.222e-05
WIFUSDT,2.1971
WIFFDUSD,2.1954
WIFTRY,72.34
AGIXFDUSD,1.30987
PEPEUSDC,8.69e-06
SHIBUSDC,3.521e-05
THETAFDUSD,3.055
ARTRY,1439.0
